<?xml version='1.0' encoding='UTF-8'?>
<configuration scan="true" scanPeriod="60 seconds" debug="false">
    <!--<property name="LOG_HOME" value="log" />-->
    <property name="LOG_HOME" value="/Users/zmayu/IdeaProjects/swifton2.0_code/thirdPartCode/gzdt-app-service/gzdt-path-service/logs" />
    <property name="LOG_FILE" value="gzdt-path-service" />
    <property name="LOG_PATTERN" value="%d{yyyy-MM:dd HH:mm:ss.SSS} [%thread] %-5level %logger{36} - %msg%n" />

    <appender name="STDOUT" class="ch.qos.logback.core.ConsoleAppender">
        <encoder>
            <pattern>${LOG_PATTERN}</pattern>
            <charset>UTF-8</charset>
        </encoder>
    </appender>

    <appender name="error" class="ch.qos.logback.core.rolling.RollingFileAppender">
        <rollingPolicy class="ch.qos.logback.core.rolling.TimeBasedRollingPolicy">
        <!--日志文件输出的文件名-->
        <FileNamePattern>${LOG_HOME}/${LOG_FILE}-error.%d{yyyy-MM-dd}.log</FileNamePattern>
        <!--日志文件保留天数-->
        <MaxHistory>90</MaxHistory>
        </rollingPolicy>
        <filter class="ch.qos.logback.classic.filter.LevelFilter"><!-- 只打印错误日志 -->
            <level>ERROR</level>
            <onMatch>ACCEPT</onMatch>
            <onMismatch>DENY</onMismatch>
        </filter>
        <encoder>
            <pattern>${LOG_PATTERN}</pattern>
            <charset>utf-8</charset>
        </encoder>
    </appender>

    <appender name="info" class="ch.qos.logback.core.rolling.RollingFileAppender">
        <rollingPolicy class="ch.qos.logback.core.rolling.TimeBasedRollingPolicy">
        <!--日志文件输出的文件名-->
        <FileNamePattern>${LOG_HOME}/${LOG_FILE}-info.%d{yyyy-MM-dd}.log</FileNamePattern>
        <!--日志文件保留天数-->
        <MaxHistory>90</MaxHistory>
        </rollingPolicy>
        <filter class="ch.qos.logback.classic.filter.LevelFilter"><!-- 只打印错误日志 -->
            <level>INFO</level>
            <onMatch>ACCEPT</onMatch>
            <onMismatch>DENY</onMismatch>
        </filter>
        <encoder>
            <pattern>${LOG_PATTERN}</pattern>
            <charset>utf-8</charset>
        </encoder>
    </appender>

    <appender name="debug" class="ch.qos.logback.core.rolling.RollingFileAppender">
        <rollingPolicy class="ch.qos.logback.core.rolling.TimeBasedRollingPolicy">
        <!--日志文件输出的文件名-->
        <FileNamePattern>${LOG_HOME}/${LOG_FILE}-debug.%d{yyyy-MM-dd}.log</FileNamePattern>
        <!--日志文件保留天数-->
        <MaxHistory>90</MaxHistory>
        </rollingPolicy>
        <filter class="ch.qos.logback.classic.filter.LevelFilter"><!-- 只打印错误日志 -->
            <level>DEBUG</level>
            <onMatch>ACCEPT</onMatch>
            <onMismatch>DENY</onMismatch>
        </filter>
        <encoder>
            <pattern>${LOG_PATTERN}</pattern>
            <charset>utf-8</charset>
        </encoder>
    </appender>

    <appender name="warn" class="ch.qos.logback.core.rolling.RollingFileAppender">
        <rollingPolicy class="ch.qos.logback.core.rolling.TimeBasedRollingPolicy">
        <!--日志文件输出的文件名-->
        <FileNamePattern>${LOG_HOME}/${LOG_FILE}-warn.%d{yyyy-MM-dd}.log</FileNamePattern>
        <!--日志文件保留天数-->
        <MaxHistory>90</MaxHistory>
        </rollingPolicy>
        <filter class="ch.qos.logback.classic.filter.LevelFilter"><!-- 只打印错误日志 -->
            <level>WARN</level>
            <onMatch>ACCEPT</onMatch>
            <onMismatch>DENY</onMismatch>
        </filter>
        <encoder>
            <pattern>${LOG_PATTERN}</pattern>
            <charset>utf-8</charset>
        </encoder>
    </appender>

    <root level="INFO">
        <appender-ref ref="error"></appender-ref>
        <appender-ref ref="info"/>
        <appender-ref ref="debug"/>
        <appender-ref ref="warn"/>
        <appender-ref ref="STDOUT"/>
    </root>
</configuration>
