<?xml version="1.0" encoding="utf-8"?>
<!DOCTYPE mapper PUBLIC "-//mybatis.org//DTD Mapper 3.0//EN"
        "http://mybatis.org/dtd/mybatis-3-mapper.dtd" >
<mapper namespace="com.bjjdsy.mapper.gzdt_553Mapper">

    <resultMap id="base_od_path_info" type="gzdt_553">
        <result column="record_id" property="record_id"/>
        <result column="data_version" property="data_version"/>
        <result column="o_station_code" property="o_station_code"/>
        <result column="d_station_code" property="d_station_code"/>
        <result column="path_index" property="path_index"/>
        <result column="path_stations" property="path_stations"/>
        <result column="path_name" property="path_name"/>
        <result column="station_amount" property="station_amount"/>
        <result column="trans_amount" property="trans_amount"/>
        <result column="path_distance" property="path_distance"/>
        <result column="ticket_price" property="ticket_price"/>
        <result column="total_time" property="total_time"/>
        <result column="total_time" property="v_logit"/>

    </resultMap>

    <select id="findbyOD" resultMap="base_od_path_info">
        select record_id,
               data_version,
               o_station_code,
               d_station_code,
               path_index,
               path_stations,
               path_name,
               station_amount,
               trans_amount,
               path_distance,
               ticket_price,
               total_time
        from base_od_path_info
        where o_station_code = #{oStationCode}
          and d_station_code = #{dStationCode}
          and data_version = #{dataVersion}
    </select>


    <select id="findbyODIndex" resultMap="base_od_path_info">
        select record_id,
               data_version,
               o_station_code,
               d_station_code,
               path_index,
               path_stations,
               path_name,
               station_amount,
               trans_amount,
               path_distance,
               ticket_price,
               total_time
        from base_od_path_info
        where o_station_code = #{oStationCode}
          and d_station_code = #{dStationCode}
          and path_index = #{pathIndex}
          and data_version = #{dataVersion}
    </select>

    <resultMap id="base_od_path_detail" type="gzdt_553">
        <result column="path_info_id" property="path_info_id"/>
        <!--<result column="trans_line_name" property="trans_line_name"/>-->
        <result column="trans_line_afc_code" property="trans_line_afc_code"/>
        <result column="trans_station_code" property="trans_station_code"/>
        <!--<result column="line_name" property="line_name"/>-->
        <result column="line_afc_code" property="line_afc_code"/>
        <result column="o_station_code" property="o_station_code_detail"/>
        <result column="d_station_code" property="d_station_code_detail"/>
        <result column="trans_time" property="trans_time"/>
        <result column="wait_time" property="wait_time"/>
        <result column="travel_time" property="travel_time"/>
        <result column="path_station_index" property="path_station_index"/>
        <result column="path_station_type" property="path_station_type"/>
        <!--<result column="o_station_name" property="o_station_name"/>-->
        <!--<result column="direct_station_name" property="direct_station_name"/>-->

        <result column="direct_station_code" property="direct_station_code"/>
    </resultMap>

    <select id="findDetailbyId" resultMap="base_od_path_detail">
        select path_info_id,
               trans_line_afc_code,
               trans_station_code,
               line_afc_code,
               o_station_code,
               d_station_code,
               trans_time,
               wait_time,
               travel_time,
               path_station_index,
               path_station_type,
               direct_station_code
        from base_od_path_detail
        where path_info_id = #{id}
        order by path_station_index
    </select>

    <select id="findbyODId" resultMap="base_od_path_detail">
        select path_info_id,
               trans_line_afc_code,
               trans_station_code,
               line_afc_code,
               o_station_code,
               d_station_code,
               trans_time,
               wait_time,
               travel_time,
               path_station_index,
               path_station_type,
               direct_station_code
        from base_od_path_detail
        where (o_station_code = #{oStationCode} and d_station_code = #{dStationCode})
          and path_info_id = #{id}
    </select>

    <resultMap id="base_od_path_last" type="gzdt_553">
        <result column="data_version" property="data_version"/>
        <result column="o_station_code" property="o_station_code"/>
        <result column="d_station_code" property="d_station_code"/>
        <result column="path_stations" property="path_stations"/>
        <result column="begin_time" property="begin_time"/>
        <result column="last_time" property="last_time"/>


    </resultMap>

    <!--<select id="findFinalTime" resultMap="base_od_path_last">-->
    <!--select data_version, o_station_code, d_station_code, path_stations, begin_time, last_time-->
    <!--from base_od_path_last-->
    <!--where o_station_code = #{oStationCode}-->
    <!--and d_station_code = #{dStationCode}-->
    <!--and data_version = #{dataVersion}-->
    <!--</select>-->

    <select id="findFinalTime" resultType="com.bjjdsy.pojo.BaseOdPathLast">
        select data_version, o_station_code, d_station_code, path_stations, begin_time, last_time
        from base_od_path_last
        where o_station_code = #{oStationCode}
          and d_station_code = #{dStationCode}
          and data_version = #{dataVersion}
          and path_stations = #{pathStations}
    </select>
    <select id="findOdPathFinalTime" resultType="com.bjjdsy.pojo.BaseOdPathLast">
        select data_version, o_station_code, d_station_code, path_stations, begin_time, last_time
        from base_od_path_last
        where (data_version = #{dataVersion}
            and path_stations = #{pathStations})
    </select>

    <select id="findOdFinalTime" resultType="com.bjjdsy.pojo.BaseOdPathLast">
        select data_version, o_station_code, d_station_code, path_stations, begin_time, last_time
        from base_od_path_last
        where data_version = #{dataVersion} and o_station_code=#{oStationCode} and d_station_code=#{dStationCode}
    </select>

    <!--<select id="findOdPathBeginTime" resultMap="base_od_path_last">-->
    <!--select data_version,o_station_code,d_station_code,path_stations,begin_time,last_time-->
    <!--from base_od_path_last-->
    <!--where data_version=#{dataVersion} and path_stations=#{pathStations}-->
    <!--</select>-->


    <resultMap id="param_station" type="gzdt_553">
        <result column="version_code" property="version_code"/>
        <result column="station_code" property="station_code"/>
        <result column="station_name" property="station_name"/>

        <result column="line_afc_code" property="line_afc_code"/>

    </resultMap>

    <select id="findStationName" resultMap="param_station">
        select version_code, station_code, station_name, line_afc_code
        from param_station
        where station_code = #{stationCode}
          and version_code = #{dataVersion}
    </select>


    <resultMap id="event_influence" type="gzdt_553">
        <result column="event_type" property="event_type"/>
        <result column="event_record_id" property="event_record_id"/>
        <result column="o_station_code" property="o_station_code"/>
        <result column="d_station_code" property="d_station_code"/>
        <result column="limit_time" property="limit_time"/>
        <result column="limit_type" property="limit_type"/>
        <result column="start_time" property="start_time"/>
        <result column="end_time" property="end_time"/>
        <result column="up_down" property="up_down"/>


    </resultMap>


    <!--<select id="findDelayByDate" resultType="com.bjjdsy.pojo.EventInfluenceData">-->
    <!--select *-->
    <!--from event_influence-->
    <!--where start_time &lt;= #{departTime} and end_time &gt;= #{departTime}-->
    <!--</select>-->

    <select id="findDelayByDate" resultType="com.bjjdsy.pojo.EventInfluenceData">
        select *
        from event_influence
        where start_time &lt;= #{departTime}
          and end_time &gt;= #{departTime}
          and end_time >= #{systemDateNow}
    </select>

    <resultMap id="base_pass_fav" type="gzdt_553">
        <result column="time_value" property="time_value"/>
        <result column="trans_value" property="trans_value"/>
        <result column="comfort_value" property="comfort_value"/>
        <result column="wait_value" property="wait_value"/>
        <result column="user_id" property="user_id"/>


    </resultMap>

    <select id="findFavById" resultMap="base_pass_fav">
        select time_value, trans_value, comfort_value, wait_value, user_id
        from base_pass_fav
        where user_id = #{userId}
    </select>


    <resultMap id="event_normal_station_limit" type="gzdt_553">
        <result column="data_version" property="data_version"/>
        <result column="record_id" property="record_id"/>
        <!--<result column="line_name" property="line_name"/>-->
        <result column="line_afc_code" property="line_afc_code"/>
        <result column="station_code" property="station_code"/>
        <result column="station_limit_level" property="station_limit_level"/>
        <result column="start_time" property="start_timeshike"/>
        <result column="end_time" property="end_timeshike"/>
        <result column="week_days" property="week_days"/>
        <result column="event_comment" property="event_comment"/>
        <result column="control_type" property="control_type"/>
        <result column="min_delay_time" property="min_delay_time"/>
        <result column="max_delay_time" property="max_delay_time"/>

    </resultMap>


    <!--<select id="findNormalLimitByOTime" resultMap="event_normal_station_limit">-->
    <!--select record_id,line_afc_code,station_code,station_limit_level,start_time,end_time,week_days,event_comment,control_type,min_delay_time,max_delay_time-->
    <!--from event_normal_station_limit-->
    <!--where station_code = #{oStationCode} and(STR_TO_DATE(start_time,'%k:%i')&lt;= #{departTime} and STR_TO_DATE(end_time,'%k:%i') &gt;= #{departTime}) and data_version=#{dataVersion}-->
    <!--</select>-->

    <select id="findNormalLimitByOTime" resultMap="event_normal_station_limit">
        select record_id,
               line_afc_code,
               station_code,
               station_limit_level,
               start_time,
               end_time,
               week_days,
               event_comment,
               control_type,
               min_delay_time,
               max_delay_time
        from event_normal_station_limit
        where station_code = #{oStationCode}
          and (#{departTime} >= start_time)
          and (end_time >= #{departTime})
          and data_version = #{dataVersion}
    </select>

    <!--<select id="findNormalLimitByOTime" resultMap="event_normal_station_limit">-->
    <!--select en.record_id,en.line_afc_code,en.station_code,en.station_limit_level,en.start_time,en.end_time,en.week_days,en.event_comment,en.control_type,en.min_delay_time,en.max_delay_time,a.*-->
    <!--from event_normal_station_limit en,(select 'user'  user ) a-->
    <!--where en.station_code = #{oStationCode} and(#{departTime} >= en.start_time ) and (en.end_time >= #{departTime}) and en.data_version=#{dataVersion} and a.user=#{userName}-->
    <!--</select>-->

    <resultMap id="base_sec_rate_character" type="gzdt_553">
        <result column="data_version" property="data_version"/>
        <result column="day_type" property="day_type"/>
        <result column="week_day" property="week_day"/>
        <result column="o_station_code" property="o_station_code"/>
        <result column="d_station_code" property="d_station_code"/>
        <result column="start_time" property="start_timeshike"/>
        <result column="end_time" property="end_timeshike"/>
        <result column="load_rate" property="load_rate"/>


    </resultMap>

    <select id="findChaRateByDayTypeWeekDay" resultMap="base_sec_rate_character">
        select data_version,
               day_type,
               week_day,
               o_station_code,
               d_station_code,
               start_time,
               end_time,
               load_rate
        from base_sec_rate_character
        where (o_station_code = #{oStationCode} and d_station_code = #{dStationCode})
          and (day_type = #{day_type} and week_day = #{week_day})
          and (#{shike} >= start_time and end_time >= #{shike})
          and data_version = #{dataVersion}
    </select>

    <!--<select id="findChaRateListByDayTypeWeekDay" resultMap="base_sec_rate_character" parameterType="java.util.List">-->
    <!--select data_version,-->
    <!--day_type,-->
    <!--week_day,-->
    <!--o_station_code,-->
    <!--d_station_code,-->
    <!--start_time,-->
    <!--end_time,-->
    <!--load_rate-->
    <!--from base_sec_rate_character-->
    <!--where (o_station_code and d_station_code-->
    <!--and (day_type and week_day)-->
    <!--and (#{shike} >= start_time and end_time >= #{shike})-->
    <!--and data_version = #{dataVersion} in-->
    <!--<foreach collection="list" item="item" separator=",">-->
    <!--(-->
    <!--#{item.data_version},-->
    <!--#{item.timetable_id},-->
    <!--#{item.train_number},-->
    <!--#{item.up_down},-->
    <!--#{item.o_station_code},-->
    <!--#{item.d_station_code},-->
    <!--#{item.line_afc_code},-->
    <!--#{item.section_code},-->
    <!--#{item.arrival_time},-->
    <!--#{item.start_time},-->
    <!--#{item.end_time}-->
    <!--)-->
    <!--</foreach>-->

    <!--</select>-->
    <!--<insert id="selectForeach" parameterType="java.util.List" useGeneratedKeys="false">-->
    <!--insert into base_time_table-->
    <!--(-->
    <!--data_version,timetable_id,train_number,up_down,o_station_code,d_station_code,line_afc_code,section_code,-->
    <!--arrival_time,start_time,end_time)-->
    <!--values-->
    <!--<foreach collection="list" item="item" separator=",">-->
    <!--(-->
    <!--#{item.data_version},-->
    <!--#{item.timetable_id},-->
    <!--#{item.train_number},-->
    <!--#{item.up_down},-->
    <!--#{item.o_station_code},-->
    <!--#{item.d_station_code},-->
    <!--#{item.line_afc_code},-->
    <!--#{item.section_code},-->
    <!--#{item.arrival_time},-->
    <!--#{item.start_time},-->
    <!--#{item.end_time}-->
    <!--)-->
    <!--</foreach>-->
    <!--</insert>-->

    <resultMap id="base_sec_rate_his" type="gzdt_553">
        <result column="calendar_day" property="calendar_day"/>
        <result column="o_station_code" property="o_station_code"/>
        <result column="d_station_code" property="d_station_code"/>
        <result column="start_time" property="start_timeshike"/>
        <result column="end_time" property="end_timeshike"/>
        <result column="load_rate" property="load_rate"/>
    </resultMap>
    <select id="findHisRateByDate" resultMap="base_sec_rate_his">
        select *
        from base_sec_rate_his
        where (o_station_code = #{oStationCode} and d_station_code = #{dStationCode})
          and (#{shike} >= start_time and end_time >= #{shike})
          and calendar_day = #{calendar_day}
    </select>

    <resultMap id="param_calendar" type="gzdt_553">
        <result column="calendar_day" property="calendar_day"/>
        <result column="day_type" property="day_type"/>
        <result column="week_day" property="week_day"/>

    </resultMap>
    <select id="findDataTypeWeekDay" resultMap="param_calendar">
        select day_type, week_day
        from param_calendar
        where calendar_day = #{calendar_day}
    </select>

    <select id="findDataType" resultType="java.lang.String">
        select day_type
        from param_calendar
        where calendar_day = #{calendar_day}
    </select>


    <resultMap id="base_od_last_mapping" type="gzdt_553">
        <result column="calendar_day" property="calendar_day"/>
        <result column="data_version" property="data_version"/>

    </resultMap>

    <select id="findOdLastVersion" resultMap="base_od_last_mapping">
        select data_version
        from base_od_last_mapping
        where calendar_day = #{calendar_day}
    </select>

    <resultMap id="param_runtime" type="gzdt_553">
        <result column="param_code" property="param_code"/>
        <result column="param_name" property="param_name"/>
        <result column="param_value" property="param_value"/>
        <result column="updateUser" property="updateUser"/>
        <result column="update_time" property="update_time"/>
    </resultMap>

    <select id="findDataVersion" resultMap="param_runtime">
        select param_code, param_name, param_value, update_user, update_time
        from param_runtime
        where param_code = #{param_code}
    </select>

    <resultMap id="param_section" type="gzdt_553">
        <result column="version_code" property="version_code"/>
        <!--<result column="line_code" property="line_code"/>-->
        <result column="line_afc_code" property="line_afc_code"/>
        <!--<result column="line_name" property="line_name"/>-->
        <result column="up_down" property="up_down"/>
        <result column="o_station_code" property="o_station_code"/>
        <result column="d_station_code" property="d_station_code"/>
        <result column="direct_station_code" property="direct_station_code"/>
        <!--<result column="direct_station_name" property="direct_station_name"/>-->
        <result column="updateUser" property="updateUser"/>
        <result column="update_time" property="update_time"/>
    </resultMap>

    <select id="findSectionDStationCode" resultMap="param_section">
        select d_station_code
        from param_section
        where version_code = #{version_code}
          and o_station_code = #{oStationCode}
          and up_down = #{up_down}
    </select>

    <select id="findSectionMessageByOD" resultType="com.bjjdsy.pojo.ParamSection">
        select *
        from param_section
        where version_code = #{version_code}
          and o_station_code = #{oStationCode}
          and d_station_code = #{dStationCode}
    </select>

    <select id="findSectionMessageByODirection" resultType="com.bjjdsy.pojo.ParamSection">
        select *
        from param_section
        where version_code = #{version_code}
          and o_station_code = #{oStationCode}
          and up_down = #{up_down}
    </select>

    <select id="findSectionMessageByODirectionLineAfc" resultType="com.bjjdsy.pojo.ParamSection">
        select *
        from param_section
        where version_code = #{version_code}
          and o_station_code = #{oStationCode}
          and up_down = #{up_down}
          and line_afc_code = #{line_afc_code}
    </select>

    <select id="findTimeTableVersion" resultType="java.lang.String">
        select data_version
        from base_time_table_mapping
        where calendar_day = #{calendar_day}
    </select>

    <select id="findAverageWaitTime" resultType="java.lang.String">
        select average_wait_time
        from base_average_wait_time
        where o_station_code = #{oStationCode}
          and d_station_code = #{dStationCode}
          and hour_time = #{hour}
          and data_version = #{dataVersion}
    </select>

    <!--<select id="findODAverageWaitTime" resultType="java.lang.String">-->
        <!--select average_wait_time-->
        <!--from base_average_wait_time-->
        <!--where o_station_code = #{oStationCode}-->
          <!--and d_station_code = #{dStationCode}-->
          <!--and data_version = #{dataVersion}-->
    <!--</select>-->
    <select id="findODAverageWaitTime" resultType="java.lang.String">
        select average_wait_time
        from base_average_wait_time
        where data_version = #{dataVersion}
    </select>


    <select id="findFavCoefficient" resultType="com.bjjdsy.pojo.PassFavCoefficient">
        select *
        from pass_fav_coefficient
        where user_id = #{userId}
    </select>


    <select id="findLineName" resultType="java.lang.String">
        select line_name
        from param_line
        where version_code = #{versionCode}
          and line_afc_code = #{lineAfcCode}
    </select>

    <select id="findLineEnName" resultType="java.lang.String">
        select line_enname
        from param_line
        where version_code = #{versionCode}
          and line_name = #{lineName}
    </select>

    <select id="findStationEnName" resultType="java.lang.String">
        select station_enname
        from param_station
        where version_code = #{versionCode}
          and station_code = #{stationCode}
          and line_afc_code = #{lineAfcCode}
    </select>

    <select id="findStationCode" resultType="java.lang.String">
        select station_code
        from param_station
        where version_code = #{versionCode}
          and station_name = #{stationName}
    </select>

    <select id="findParamLoadRate" resultType="com.bjjdsy.pojo.ParamLoadRate">
        select *
        from param_load_rate
    </select>


</mapper>

